Region,Stop
Mittelmeer-Region,Barcelona
Mittelmeer-Region,Amalfi-Küste
Mittelmeer-Region,Santorini
Mittelmeer-Region,Dubrovnik
Mittelmeer-Region,Mallorca
Mittelmeer-Region,Côte d’Azur / Nizza
Mittelmeer-Region,Korsika
Mittelmeer-Region,Antalya
Mittelmeer-Region,Kreta
Mittelmeer-Region,Sizilien
Mittelmeer-Region,Sardinien
Mittelmeer-Region,Ibiza
Mittelmeer-Region,Malta
Mittelmeer-Region,Split
Mittelmeer-Region,Costa Brava
Mittelmeer-Region,Cinque Terre
Mittelmeer-Region,Cannes
Mittelmeer-Region,Costa Smeralda
Mittelmeer-Region,Taormina
Mittelmeer-Region,Paphos
Karibik,Bahamas
Karibik,Barbados
Karibik,Jamaika
Karibik,Dominikanische Republik
Karibik,St. Lucia
Karibik,Aruba
Karibik,Curaçao
Karibik,Puerto Rico
Karibik,Turks & Caicos
Karibik,Cayman Islands
Karibik,St. Martin & St. Maarten
Karibik,Antigua & Barbuda
Karibik,Grenada
Karibik,U.S. Virgin Islands
Karibik,British Virgin Islands
Karibik,Kuba
Karibik,Anguilla
Karibik,Dominica
Karibik,Saint Kitts & Nevis
Karibik,Bequia (Grenadines)
Südostasien,Bali
Südostasien,Phuket
Südostasien,Boracay
Südostasien,Langkawi
Südostasien,Siem Reap / Angkor Wat
Südostasien,Halong-Bucht
Südostasien,Luang Prabang
Südostasien,Chiang Mai
Südostasien,Koh Samui
Südostasien,Nusa Penida
Südostasien,Krabi
Südostasien,Koh Phi Phi
Südostasien,Palawan (El Nido)
Südostasien,Komodo-Inseln
Südostasien,Borneo-Strände
Südostasien,Sapa-Reisterrassen
Südostasien,Hoi An
Südostasien,Kuala Lumpur
Südostasien,Singapur
Südostasien,Yangon
Südasien & Indischer Ozean,Malediven
Südasien & Indischer Ozean,Sri Lanka (Galle)
Südasien & Indischer Ozean,Goa
Südasien & Indischer Ozean,Kerala Backwaters
Südasien & Indischer Ozean,Andamanen
Südasien & Indischer Ozean,Seychelles
Südasien & Indischer Ozean,Mauritius
Südasien & Indischer Ozean,Réunion
Südasien & Indischer Ozean,Madagaskar (Nosy Be)
Südasien & Indischer Ozean,Sansibar
Südasien & Indischer Ozean,Lakshadweep
Südasien & Indischer Ozean,Baros-Insel
Südasien & Indischer Ozean,Fuvahmulah
Südasien & Indischer Ozean,Mirissa
Südasien & Indischer Ozean,Arugam Bay
Südasien & Indischer Ozean,Rodrigues
Südasien & Indischer Ozean,Devonport (Seychelles)
Südasien & Indischer Ozean,Ile aux Cerfs
Südasien & Indischer Ozean,Galle
Ostasien,Tokio
Ostasien,Kyoto
Ostasien,Hiroshima
Ostasien,Nara
Ostasien,Osaka
Ostasien,Hokkaidō
Ostasien,Jeju-Insel
Ostasien,Seoul
Ostasien,Busan
Ostasien,Gyeongju
Ostasien,Peking
Ostasien,Große Mauer
Ostasien,Guilin
Ostasien,Zhangjiajie
Ostasien,Shanghai
Ostasien,Hongkong
Ostasien,Taipeh
Ostasien,Jiufen
Ostasien,Himeji
Ostasien,Okinawa
Nordamerika,New York City
Nordamerika,Grand Canyon
Nordamerika,Yellowstone Nationalpark
Nordamerika,Banff Nationalpark
Nordamerika,Vancouver Island
Nordamerika,Kalifornische Pazifikküste
Nordamerika,San Francisco
Nordamerika,Los Angeles
Nordamerika,Miami
Nordamerika,Yosemite Nationalpark
Nordamerika,Zion Nationalpark
Nordamerika,Bryce Canyon
Nordamerika,Grand Teton
Nordamerika,Great Smoky Mountains
Nordamerika,Niagarafälle
Nordamerika,Québec City
Nordamerika,Riviera Maya
Nordamerika,Cancún
Nordamerika,Tulum
Nordamerika,Los Cabos
Südamerika,Rio de Janeiro
Südamerika,Iguazú-Wasserfälle
Südamerika,Machu Picchu
Südamerika,Patagonien
Südamerika,Atacama-Wüste
Südamerika,Galapagos-Inseln
Südamerika,Buenos Aires
Südamerika,Cartagena
Südamerika,Salvador da Bahia
Südamerika,Amazonas-Regenwald
Südamerika,Osterinsel
Südamerika,Salar de Uyuni
Südamerika,Torres del Paine
Südamerika,Bariloche
Südamerika,Florianópolis
Südamerika,Medellín
Südamerika,Cusco
Südamerika,Titicacasee
Südamerika,Valparaíso
Südamerika,Mendoza
Australien & Neuseeland,Great Barrier Reef
Australien & Neuseeland,Sydney
Australien & Neuseeland,Melbourne
Australien & Neuseeland,Queenstown
Australien & Neuseeland,Milford Sound
Australien & Neuseeland,Rotorua
Australien & Neuseeland,Whitsunday Islands
Australien & Neuseeland,Fraser Island
Australien & Neuseeland,Kangaroo Island
Australien & Neuseeland,Gold Coast
Australien & Neuseeland,Uluru
Australien & Neuseeland,Great Ocean Road
Australien & Neuseeland,Margaret River
Australien & Neuseeland,Bay of Islands
Australien & Neuseeland,Taupo
Australien & Neuseeland,Abel Tasman
Australien & Neuseeland,Hobbiton
Australien & Neuseeland,Mount Cook
Australien & Neuseeland,Tasmania
Australien & Neuseeland,Byron Bay
Skandinavien & Baltikum,Stockholm
Skandinavien & Baltikum,Oslo
Skandinavien & Baltikum,Kopenhagen
Skandinavien & Baltikum,Helsinki
Skandinavien & Baltikum,Reykjavik
Skandinavien & Baltikum,Bergen
Skandinavien & Baltikum,Lofoten-Inseln
Skandinavien & Baltikum,Nordkap
Skandinavien & Baltikum,Åland-Inseln
Skandinavien & Baltikum,Gotland
Skandinavien & Baltikum,Tallinn
Skandinavien & Baltikum,Riga
Skandinavien & Baltikum,Vilnius
Skandinavien & Baltikum,Helsinki-Schären
Skandinavien & Baltikum,Stockholm-Schären
Skandinavien & Baltikum,Sognefjord
Skandinavien & Baltikum,Geirangerfjord
Skandinavien & Baltikum,Lappland
Skandinavien & Baltikum,Åre
Skandinavien & Baltikum,Ålesund
Alpen & Mitteleuropa,Zermatt
Alpen & Mitteleuropa,Interlaken
Alpen & Mitteleuropa,Innsbruck
Alpen & Mitteleuropa,Kitzbühel
Alpen & Mitteleuropa,Garmisch-Partenkirchen
Alpen & Mitteleuropa,Cortina d’Ampezzo
Alpen & Mitteleuropa,Chamonix & Mont Blanc
Alpen & Mitteleuropa,St. Moritz
Alpen & Mitteleuropa,Salzburg
Alpen & Mitteleuropa,Lake Como
Alpen & Mitteleuropa,Lake Garda
Alpen & Mitteleuropa,Hallstatt
Alpen & Mitteleuropa,Ljubljana
Alpen & Mitteleuropa,Grindelwald
Alpen & Mitteleuropa,Jungfraujoch
Alpen & Mitteleuropa,Stelvio Pass
Alpen & Mitteleuropa,Großglockner Hochalpenstraße
Alpen & Mitteleuropa,Dolomiten-Panoramastraße
Alpen & Mitteleuropa,Black Forest
Alpen & Mitteleuropa,Berchtesgaden & Königssee
